id;code;nom;prenom;photo;date_naissance;numero_identite;adresse;telephone;email
1;West embrace;Streamlined;programming;bluetooth withdrawal Wooden;2021-06-21;and;infrastructure;529-847-4279;Luisa46@hotmail.com
2;interfaces;utilisation;Montana connecting;relationships Account customized;2021-06-22;Montana Cambridgeshire Account;Corporate;1-798-352-3901;Arlie.Bogisich37@hotmail.com
3;Massachusetts;integrate Future e-services;Savings Rubber Cross-group;pink leverage hacking;2021-06-21;parse Table SSL;deposit deposit Creative;316-517-2922;Jessika.Gleason84@hotmail.com
4;generation;Tanzanian;Horizontal;Avon programming;2021-06-21;compress;plug-and-play Money;(362) 372-8457 x8353;Nella_Ondricka96@gmail.com
5;Granite;Loan Metal Bike;Inverse;Account;2021-06-22;withdrawal navigate;vortals e-commerce;(926) 738-0745 x826;Daron53@hotmail.com
6;context-sensitive;Technician analyzer;impactful;hack;2021-06-22;Accounts Gloves projection;Card morph sensor;836.600.0283 x76733;Corrine_Reichel@yahoo.com
7;middleware withdrawal payment;yellow iterate bi-directional;concept Managed Concrete;Chicken bypassing Shirt;2021-06-21;Baby tan sensor;Distributed Bermuda system;598-931-2968 x5557;Maribel.Gusikowski40@gmail.com
8;administration Tunisia;Russian architectures Analyst;Incredible Fully-configurable online;PCI;2021-06-21;Fresh;matrices holistic Berkshire;(295) 270-1233;Edwin79@hotmail.com
9;heuristic invoice strategy;e-business Chicken syndicate;Handmade Dynamic Salad;Keyboard;2021-06-21;Metal;copy productivity;363-908-6186 x6272;Melvin_Hackett54@yahoo.com
10;channels Account;Wooden Baby applications;repurpose Fields;matrix;2021-06-22;Interactions Dynamic;extend open-source;(762) 317-8755 x5122;Cornell96@hotmail.com
