id;heure_debut;heure_fin;description
1;deposit;Avon blockchains;real-time Concrete
2;gold Beauty communities;synergies Bike;optimal Sleek empower
3;Salad initiatives Granite;Omani payment;Field
4;Infrastructure invoice Avon;alarm;Identity embrace
5;Vision-oriented EXE;payment;productize compressing Chief
6;morph;Computer Account;communities optimizing generating
7;mindshare Movies California;Territory Representative;up Architect
8;Dollar empower Refined;Squares Seychelles Moldova;Shirt withdrawal deposit
9;Bike;GB copy;Granite
10;users transmit neural;HDD Representative;vertical
